<?xml version="1.0" encoding="UTF-8"?>
<project-private xmlns="http://www.netbeans.org/ns/project-private/1">
    <editor-bookmarks xmlns="http://www.netbeans.org/ns/editor-bookmarks/2" lastBookmarkId="0"/>
    <open-files xmlns="http://www.netbeans.org/ns/projectui-open-files/2">
        <group>
            <file>file:/D:/Documentos/Curso/Programacion%20full%20stack/Guia%2014%20-%20java%20con%20base%20de%20datos%20-%20JPA/Ejercicios%20de%20la%20guia/Ejercicio1_Guia14/src/Persistencia/LibroJpaController.java</file>
            <file>file:/D:/Documentos/Curso/Programacion%20full%20stack/Guia%2014%20-%20java%20con%20base%20de%20datos%20-%20JPA/Ejercicios%20de%20la%20guia/Ejercicio1_Guia14/src/Entidad/Autor.java</file>
            <file>file:/D:/Documentos/Curso/Programacion%20full%20stack/Guia%2014%20-%20java%20con%20base%20de%20datos%20-%20JPA/Ejercicios%20de%20la%20guia/Ejercicio1_Guia14/src/Persistencia/AutorJpaController.java</file>
            <file>file:/D:/Documentos/Curso/Programacion%20full%20stack/Guia%2014%20-%20java%20con%20base%20de%20datos%20-%20JPA/Ejercicios%20de%20la%20guia/Ejercicio1_Guia14/src/Persistencia/EditorialJpaController.java</file>
            <file>file:/D:/Documentos/Curso/Programacion%20full%20stack/Guia%2014%20-%20java%20con%20base%20de%20datos%20-%20JPA/Ejercicios%20de%20la%20guia/Ejercicio1_Guia14/src/META-INF/persistence.xml</file>
            <file>file:/D:/Documentos/Curso/Programacion%20full%20stack/Guia%2014%20-%20java%20con%20base%20de%20datos%20-%20JPA/Ejercicios%20de%20la%20guia/Ejercicio1_Guia14/src/Servicio/ServicioAutor.java</file>
            <file>file:/D:/Documentos/Curso/Programacion%20full%20stack/Guia%2014%20-%20java%20con%20base%20de%20datos%20-%20JPA/Ejercicios%20de%20la%20guia/Ejercicio1_Guia14/src/Servicio/ServicioLibro.java</file>
            <file>file:/D:/Documentos/Curso/Programacion%20full%20stack/Guia%2014%20-%20java%20con%20base%20de%20datos%20-%20JPA/Ejercicios%20de%20la%20guia/Ejercicio1_Guia14/src/ejercicio1_guia14/Ejercicio1_Guia14.java</file>
            <file>file:/D:/Documentos/Curso/Programacion%20full%20stack/Guia%2014%20-%20java%20con%20base%20de%20datos%20-%20JPA/Ejercicios%20de%20la%20guia/Ejercicio1_Guia14/src/Entidad/Libro.java</file>
            <file>file:/D:/Documentos/Curso/Programacion%20full%20stack/Guia%2014%20-%20java%20con%20base%20de%20datos%20-%20JPA/Ejercicios%20de%20la%20guia/Ejercicio1_Guia14/src/Entidad/Editorial.java</file>
        </group>
    </open-files>
</project-private>
